T,seq_len,pred_len,pred_times,preds_x,preds_u,actual_x,actual_u,runtime,opt gap,objective value
9000,10,2,"[0.999777753083676, 0.999888876541838]","[[2.12008445242386, 2.1196349150941076]]","[[2.120084452150388, 2.1196349399300494]]","[2.12333359 2.12347243 2.12361127 2.12375011 2.12388896 2.12402782
 2.12416669 2.12430556 2.12444443 2.12458331 2.1247222  2.1248611 ]","[0.49933415 0.49938957 0.499445   0.49950044 0.4995559  0.49961137
 0.49966685 0.49972235 0.49977785 0.49983337 0.4998889  0.49994444]",27.829999923706055,6.513177571968137e-05,28.505568176604385,
T,seq_len,pred_len,pred_times,preds_x,preds_u,actual_x,actual_u,runtime,opt gap,objective value
9000,10,3,"[0.999666629625514, 0.999777753083676, 0.999888876541838]","[[2.119951363673796, 2.1195023755922198, 2.1189965292512176]]","[[2.119951363673796, 2.1195023755922198, 2.1189965292512176]]","[2.12319476 2.12333359 2.12347243 2.12361127 2.12375011 2.12388896
 2.12402782 2.12416669 2.12430556 2.12444443 2.12458331 2.1247222
 2.1248611 ]","[0.49927874 0.49933415 0.49938957 0.499445   0.49950044 0.4995559
 0.49961137 0.49966685 0.49972235 0.49977785 0.49983337 0.4998889
 0.49994444]",54.16200017929077,7.778403356639106e-06,28.502220666062996,
T,seq_len,pred_len,pred_times,preds_x,preds_u,actual_x,actual_u,runtime,opt gap,objective value
9000,10,4,"[0.999555506167352, 0.999666629625514, 0.999777753083676, 0.999888876541838]","[[2.1244444320809364, 2.119951363673796, 2.1195023755922198, 2.1189965292512176]]","[[0.4997778518271688, 2.119951363673796, 2.1195023755922198, 2.1189965292512176]]","[2.12305594 2.12319476 2.12333359 2.12347243 2.12361127 2.12375011
 2.12388896 2.12402782 2.12416669 2.12430556 2.12444443 2.12458331
 2.1247222  2.1248611 ]","[0.49922334 0.49927874 0.49933415 0.49938957 0.499445   0.49950044
 0.4995559  0.49961137 0.49966685 0.49972235 0.49977785 0.49983337
 0.4998889  0.49994444]",21600.207999944687,inf,28.502220666062996,
